12.442812053309733,13.17961038935861,8.531982615421404
8.48386479087624,5.052562084924274,4.919202096502673
10.224892635051384,10.501718730949259,11.443836779400069
8.333371055872572,8.314559303712995,7.323020963590151
5.969820042135518,8.17625003049877,5.442263015138214
4.5834361547325875,3.2989601006374025,7.676037368350109
6.6409814905506135,8.080386615877384,6.441329628138185
2.6820269774920074,6.701310113613068,6.595545016640722
3.2495172776586663,3.030518143074136,0.968275249869055
1.697122254710878,7.258330819952221,4.449275773133954
5.160573424444734,2.9366754555496737,3.1276074190625875
3.049239837669735,6.550066791201029,3.5352557412033225
0.5985964737047373,0.8689831669548644,0.7474412500791383
2.285009712355709,1.9827253616277563,-1.2952891878422925
-1.6879737624283804,0.3136698929138273,-3.31203274864823
-4.749920073632708,-4.276783335555277,-3.73588605244341
-4.334941757963611,-6.05097480840479,-3.028500725170275
-3.1920263752615963,-3.6539813366621785,-4.973732036640718
-3.9977979802165984,-5.062546563540473,-1.390713408915175
-11.817665531692448,-6.747813210694823,-7.397730732270759
5.975890382808852,11.659601462490693,9.228601554041472
9.477188816741275,8.39709433265173,12.113846803431677
5.4817744987083845,7.14985007135936,9.432486694119278
9.321502133881761,6.881510820217581,6.985268880865066
9.999096265526223,8.74442562288704,6.039913652383985
3.594879569697631,5.066527564014299,5.054133664823666
7.905555120314509,5.4943569242888985,5.945084647067956
3.35361873704065,4.548740573386519,5.203538052843738
4.456912129703124,8.194942157548855,6.351296935361692
3.875104717586413,4.332884343943733,2.511906553844689
6.807741570163357,6.901912383698007,2.0531106978891276
6.158685233682629,7.935272316821094,3.2757348658626326
4.91589742904894,1.9691804745466621,3.415418332245829
5.3385947079976255,6.095798340101007,1.0502795043315896
2.1926395518469874,0.28968489917670803,2.0871746889021563
3.844583205357938,2.6768639795081572,1.899697456654893
-0.06659815256062863,0.6713847018690379,2.7683712131763154
0.27673897956737953,-2.5201042215740572,2.3339271704995084
-0.14225733610651914,-1.8048787841258602,-2.845696980792816
1.1326179445006916,0.6090498967939113,-3.0654867874517877
5.442154472316036,8.3623316096858,9.489948905635755
10.657552359799489,10.013403712729762,12.220717310082106
10.270954759433431,10.501961051165477,7.738757745360498
10.035179053548863,9.373824108571121,7.79615868210494
9.157146692493315,6.964945953758296,5.868076664553464
9.7338979829324,5.8640538273633505,7.459573498740725
4.512314266555612,9.396653357492422,8.936200726105438
9.34860123546287,5.412388806010499,6.5209476833294
8.19052072523142,6.071605864696134,5.938661253030656
7.6450420042459895,5.689230677256221,8.332581019885108
5.002791215538471,8.609968975381047,7.0876460567285715
5.798191999452497,4.9643906313422965,6.13128521180659
1.9666767381000785,3.4019013655743047,5.2224862553588896
5.624772791675303,3.5836909851218017,2.5279779555382755
7.682683212131762,3.884738894243182,6.060658491438849
3.8177140949133834,5.713318568738486,7.489559339291156
-1.2277498992726166,2.795404470037636,1.0901405741381627
2.815768873329239,4.172475420986431,5.442744498461417
-0.3235429193508167,-2.2631271265797817,1.6041247194500543
-1.2720540843670483,-1.4454855701597142,-0.22237630989211987
9.324198914438377,8.067806477536605,10.336918813138002
8.087442942612112,7.876423711365433,7.087768419291957
6.22287749241432,5.723743285506375,9.162524729560445
12.079357797244073,8.480021433776852,5.224445103731209
7.270583236565872,5.464350641676127,7.518541131424595
2.5816219399713782,5.146740214641808,3.914084960761347
8.432651475560055,6.58178042622732,2.3479718720276477
6.179512169533989,1.1002565159338191,7.987736609078208
4.561199091896586,5.842815135392028,4.812454810923647
6.442005245864429,10.884085132047332,3.5307898344065953
7.384493120163077,3.1572802413661227,3.1443198856397503
5.288118696099283,4.03433802196968,7.762629567977822
2.734837301694597,5.4643640902056045,7.56364152450023
4.671132171609258,4.092320252398724,5.056815956645093
3.507407218384121,3.759006084635509,5.893552174278761
2.1833073467121724,5.417580029521545,7.739040995167835
3.3405176729544745,-0.02107438801162953,3.5075684454768092
-0.19168887087427322,2.381681760903784,2.8278008041833873
0.2207298722483897,0.6754189508381194,3.1187534027490473
0.7678344283762908,4.3911579838242965,1.643430156875276
11.165401305170144,9.220789584280087,7.898750318969789
12.177542800405208,10.306630712142313,9.83499771148156
7.806751809288417,10.246329214161431,8.154885047732593
9.35036286677741,10.920977339585521,9.891424249741643
9.526259684587089,8.798142933678667,9.307881468809514
7.980676373178386,7.855721864915891,5.5718317382312765
8.82225641736094,12.0061418824509,8.654587687455564
11.17719088026806,8.371621350592939,6.940524281169003
3.2891276862270824,6.329603038871548,2.1796740910192502
5.151077278845398,7.3602116185243975,6.5252928804965
5.675546879685179,5.173466388050935,6.114929637333629
2.565630834525723,2.9030473579475347,5.813431596698991
0.10793406927030968,2.76400389496215,0.046724322505564464
-0.6168211583023483,4.992282009619242,-2.2954244970950777
-0.4779811840067931,-0.9354505172376097,-2.0509147398421685
-3.3142028672823667,-2.7176395708734926,-3.0552217689194276
-0.6762966354583921,-2.407206400731794,0.3959620696346411
-4.817127695482135,-4.3160439042638785,-4.321192513086945
-2.609114567518824,-2.117295946010787,-3.5312913292577903
-4.151893849011568,-1.5545057193657144,-6.07290420698649
12.593123656414672,7.981702062568511,13.133072256605946
8.209941732422244,12.442022844742196,13.605503145085942
10.760377921219854,6.421607038928194,9.48706915250251
9.31198265181541,9.032843296379127,8.76460313155829
6.6822752089610065,7.757298374251477,6.786053389936688
10.017503624790734,5.402000026361186,0.46872768219234473
3.261008747477374,8.044882678540949,3.117783152656103
7.222806288668217,5.309497757905727,6.24726126494947
8.175785546737801,8.23743232987043,8.939559489653597
6.423341319657526,0.4979104076920837,3.76823597281277
2.229240425209072,-0.7945434476317415,0.5295286074054764
1.590410926036739,5.061836183508037,3.6378231367237097
3.1944336161635385,0.04811200693233686,1.1124181123180608
4.2261387270575,1.9391935470439015,5.756988324993509
3.9417411211158546,4.76353527467739,3.2839770318779427
5.3195190777651655,-1.5493901197403332,-0.8283384435823963
-2.3320744199574435,-3.3249388592693743,1.2567560327716703
-0.8876877987939711,0.34085284648739006,-1.6033681069237362
0.03257460335929512,-3.162347503340412,3.1550376502288864
-2.6475830279714065,0.5552281362656064,-4.501940496027197
7.355186443739832,11.347895518690486,13.538473215215472
8.81520406817692,9.108070913420455,10.163301307545098
12.373654504636903,7.573965883793979,6.957188993869915
8.036426557267056,11.743198947596293,7.704071904509904
4.044932471231747,7.005300440660037,7.315993902910069
6.031093485283269,6.812648511168534,6.816836117719529
5.449115429697678,2.9508243240394547,6.0913851366127805
6.799973874893644,4.491324181105703,2.7111042553355116
3.7660735126556735,3.681432483034893,3.9791067163948806
4.769417305923519,5.901326996905532,1.8989923378086888
3.5640396821352227,4.192642962426116,0.5048432082061907
4.8748464782947645,6.288778233403279,5.38026189019457
3.7558195782754638,5.253960289704674,2.654725960935325
3.453352398902233,3.3373173806622143,1.9253077619867187
-3.437190929331613,-2.192756994126653,-0.11398638305257061
2.1202174792144346,-1.6765338682721829,-0.7709286159272704
-4.5378265893181995,0.08826940548661666,-1.2753114502538083
-0.9421350473482253,-2.060278252502912,-3.7206778329718246
-4.289456280745072,-3.5905377184688687,-2.7424939079089734
-3.7550628608176875,-7.12307952575523,-2.0512265029191705
8.860396359650192,11.998556307838896,9.96188751364047
3.809717165056867,8.34522183647491,9.618294778243937
6.1818431170248145,6.695411162973782,5.9168166155534365
2.856149535160173,7.72883035200791,7.297951805771555
4.537260695876354,6.3712103243986355,7.006697031868173
5.689664927283371,8.644499824559976,9.91496651094168
6.673619365380896,5.492802918006172,4.00381882542656
6.781562672854534,5.286463558778631,5.954047616552497
6.644929521749901,4.452650005278576,1.6575978937888447
6.655351374176499,4.910455046099168,4.928845126978844
5.33848261704541,1.3237656621621774,4.973147932802572
3.4030704118404307,3.7038314223769846,2.281168432665291
3.875589641150447,3.105790674049574,3.1136254582039333
-1.7882631594142193,0.2086817415953165,-1.2419101329859878
-1.591077564713551,0.2545228337556208,1.5436628237921197
1.8628039832553742,1.2870721831626182,-1.4177784880078665
-0.5517462173669956,0.269274748303603,2.006189267281943
-6.116559987525684,-1.932545339717898,0.5797639824047569
-5.023923536648242,-9.725808418044585,-6.0256546945353815
-1.8256009591123448,-5.010656267068746,-3.063604955234104
9.601748239142697,10.129113198652016,8.823720788330121
12.82149031572032,6.696486080911935,9.82098657113906
7.721729530109934,8.035083542186046,8.780459999174806
7.475089984298416,9.708776921726367,8.02743853486077
8.162269814844906,3.284578049657619,8.184380446805145
7.903230331436249,5.508873118823102,3.5336933591248143
3.0422643918361225,6.542939971466706,7.708403801215241
3.8076614205928165,0.37605500960725835,1.0065782331115325
0.5061612104481719,1.4480611823542175,-0.15865521207596833
5.236860262306358,4.7479249055412724,2.374147265614313
2.9279166305554956,-0.5967227794829655,2.703446247127244
-2.776262152429966,2.5286221308195462,4.341246255553676
3.918561588824407,2.8740907890855047,-2.427892762085348
0.03434695683917557,0.7183588218537296,-0.044590601488629804
-1.7638935509626434,-1.5533752176567608,-3.49549891360775
-0.3327498369522359,0.1689128830440101,-3.1812660046835703
-3.45377948143522,-3.512749918281327,-1.4340030752229587
-6.683989962346641,-2.7451149855207158,-4.534489651583458
-1.6487755050261177,-1.7906645739325158,1.0157195181151382
-2.3917666841146215,-3.1032524346257033,-2.9273835048634798
11.577345242635744,14.394098742926243,17.181704649924487
9.794229243438675,10.92214462941024,8.388930274261948
11.202108466942269,6.8732625129483145,13.28776589422076
6.921123379065596,11.122511008423217,9.791080360358793
11.78873204402129,9.132346733314733,6.467561142114829
10.074006481656193,8.562724890338313,14.10652920238731
4.5418009937517825,2.5673958278949818,6.659673798485279
3.9955590127264924,6.327510250899011,3.3163582733221615
3.475290865410432,6.84740363307534,5.691920768319683
6.318194619509376,1.4876909519782058,6.855168982403658
5.904853423965514,4.796215326457668,3.7397665965367706
2.650214964053661,6.081510819223843,4.65888833894837
4.1872554140007985,3.6099384530956113,2.5811638398237435
-3.7416669281976325,1.2301568983803115,0.08618908045834697
-3.3322298675312623,-2.039085067435316,-0.8432891722366287
-0.6456374936528496,-1.29058668574157,-0.12486049233190352
-1.7969323209792512,1.588921676868929,1.6995606892233246
-2.048617857947418,-2.0001305524399493,-3.2527350109748685
-2.758514589053096,-1.8210200211775645,-2.483451184196915
-3.400744643856535,-4.390986325384677,-6.057763739038519
8.980404770810352,10.201139806038508,10.13967300207135
8.637589331585401,8.911564072141791,10.148713964031016
11.263768974202188,9.57963055126518,8.603783859919034
8.074115589964464,6.907486935044465,8.65934243709381
8.954316545737592,7.664484019382355,6.133363677026615
5.4662563131111375,5.691477322120562,4.584561183293436
5.922737964261717,4.730371107351467,10.29456092421426
7.145580516744449,0.6622800073555353,5.6803404085560825
4.383183550556716,3.394888548407453,3.773327241346257
5.469446895236666,3.650067283063807,5.87235889771047
6.4454708335514255,6.098384920150864,4.959981427021591
-0.08845223137946823,1.5942463408554288,2.528889858229991
3.3615292609735605,0.9700027270860649,1.7242004618871933
-3.0595617706513245,-3.3646210120825106,-1.1837328455956646
-3.362413089093771,-6.441590975197888,-2.6333520339994223
-0.9105345165619954,-0.24048797658694143,-0.1568151929591779
-4.052770107668587,-0.8852456902711117,-4.88225043644225
-7.527555135787795,-5.237789340830011,-3.9137830211245337
-2.052090651338253,-5.836809871671801,-6.637113294377236
-6.202056654801663,-3.5712007570602653,-3.838247522640646
6.09933247976901,11.29822930565711,10.95882392505032
10.803884180658153,13.132974592014804,12.674564355091352
9.492252525026101,8.56722820826346,7.50987181322261
8.708844508281008,4.329456320431184,6.377486965378794
8.620359841512945,6.537685541738206,6.72308142061449
4.7590250033408354,7.229256554309798,9.76003067492209
5.613426079212626,10.354581945660584,5.6964985135342205
5.983387820498208,5.475969304066517,6.408889665821014
4.010072025801871,6.4275398903599275,2.469644821566766
6.0855904300532355,4.209717264828409,5.204048847346174
6.508984305483644,7.66177903254186,3.0151059573117744
4.152707143373931,4.827468043380443,2.0705241923387967
4.807342589051531,4.647832620874957,3.627629748726885
4.499759324982845,0.851526925305226,3.0999261517401058
4.023998277415875,3.4584833413818497,2.059318730807216
2.9232582275256855,3.9064635329318333,3.7443328899262487
2.854976546722037,1.9530630977115546,1.1083833602508952
1.1577021380696593,1.794755468434331,2.327516963562054
-1.6201080505674328,-0.06974721640755441,1.3442481175076513
-5.677458791203941,-0.29027138915721085,-3.9670590658544453
11.923884826023588,6.9163080014850475,8.832508917268765
9.43357191201563,12.10430828950223,11.195989027423703
7.979150562927362,7.532261506041392,7.114445144681049
11.189990041068446,8.412141002934227,8.15297768272594
9.470321152150301,7.652017880744104,10.224359892236144
4.649946202555632,6.696463082637194,7.055615144038262
6.618044667568282,5.382544206465495,5.972391382249325
3.8953092769569113,7.817251817138292,4.937520426665446
6.791135173959814,7.7032285240143255,11.153729567082474
1.9407140629306214,2.058960291996244,7.918756468340554
1.550622255770481,2.591690833589581,5.175638032102227
3.978326269208818,1.1290816977343403,1.7508726777473638
3.085069475991256,1.8832550770305365,-0.354129549848329
0.3471514873708783,1.9048915635997075,-0.05311051886590444
-0.49464525332932735,1.7859151118619585,1.821591805377587
0.12972064930953262,-2.0300085194645625,0.17863262395289858
-1.9056764484469562,2.255373814668756,0.02249669358146705
-2.388054321595069,-3.3051876339186377,-2.070099612988928
-3.993581964811776,-1.913842592360317,-2.336553769422894
-2.526903485697856,-1.2250660666995856,2.278705176647934
11.503960992305458,7.216263585753927,10.69410203089068
11.794523262460295,9.485096437869842,8.273201771836188
11.76294927781311,14.577958592352518,7.892774073265459
11.443842132701237,9.28300749911999,6.503326712379344
8.904048966386807,5.182548208733566,10.279083422060856
7.606169279506597,10.308244462015832,7.154714464216753
7.237555563254475,6.525780026870754,9.839670624979979
5.608356003145466,4.436400300639877,5.914868206116355
7.524693090344462,9.176063319619796,3.0018413429510797
6.430606240419843,8.920297076965237,2.9886410757585304
3.904106400852057,3.784569324391933,2.160578659247582
1.3350536400563342,1.9161872402463547,4.383611114620287
2.7167026169732917,0.25653651642166975,3.081591718969145
6.884768034867672,-0.18686927749362425,1.2294016456411818
-4.6692770408991215,0.8184053129955691,-1.303640842896825
-3.885883748840162,-1.2978630837758718,-2.3350034047315136
-2.0791983468202653,-3.3725909612098253,-2.939322277808872
-4.347211892656793,-1.0585897021053472,-0.8392197632485954
-2.1361356330735912,-2.7854574925025495,-5.555981444463095
-2.719157980727031,-1.848637651806016,-2.5639106155194273
8.19310079465539,11.72971463882436,13.107697927358968
9.794247256171563,10.286964834705069,10.796947313197093
6.643721195313718,9.189218176336627,8.250870205070086
6.288032490495677,7.632972656425716,13.475496576996264
8.596632330183883,11.281267908017881,9.708384935251257
9.274297542598141,8.959825966775671,9.36687149627711
7.906125542438834,9.316533868384973,7.058159640554804
9.787374406174361,4.633602014654702,9.438093271564336
7.459966924547885,11.518539753662536,10.389624277350308
5.437284946458162,2.7563743683033683,7.276303967372015
6.335129343678976,3.6572935966732283,8.889953627516093
7.234692244639876,5.94661494869621,7.534901754150126
6.69649575388321,8.059176783689617,3.691850452143441
6.57049277949549,7.252998899046606,7.240966987426758
-4.160384487860786,3.53467538789932,0.6742564347338287
-3.547433275319819,2.812102243048521,2.4343741829329155
-2.5218914117768563,-0.2392577995562725,-1.1034037840169655
-2.4127920579855657,-4.070152229962515,-1.3749762098132083
-3.7066729929819218,1.1632847078439483,-3.1481546215113125
-2.630902209959437,0.9421628138784262,-2.675009392392483
10.613838890499913,12.539394593220807,9.236559923406116
7.843650377745332,16.905394568394215,10.090770970480538
10.634666658046957,9.91265948501367,7.267883001960918
4.818101296651233,5.416399202961085,10.690106429828433
8.586700311576557,9.427484006269118,8.042692012752381
5.376227242259051,6.668833435618857,9.410026216132065
7.570599163372479,6.481524631906236,5.8161434159782885
8.476659266978563,8.401818281815556,5.107612804609522
7.4154517821173105,3.760856401812199,5.8493624114854255
6.57704219745997,9.241095536949675,3.8670996311767465
4.8975520060250215,7.733283567837544,10.615817789966897
1.308850133371581,4.825402515599957,6.534549537016018
1.7724448082473505,6.563879119206046,3.9180965998576682
3.645428559027985,4.7039869441363615,6.952530510105867
3.7860003828680386,4.107074296560864,1.435234848517546
2.103762003406331,4.4850027867105435,1.0858619502832512
2.9967384475434944,0.22613661594682297,1.800618546225003
-2.044282533759296,-4.268099420734009,-3.7351676364599147
-4.087010443511862,-2.4497019941507596,0.026092783458592894
-5.624548013770699,-4.169778446090805,-4.495273897086274
12.444115384569269,11.977310433667393,8.931024221699282
7.538719647420766,6.316009585508744,7.112045286436858
8.693302163602718,9.13469783896794,5.5259243224281365
6.248820234788775,8.580472656865322,4.758954470698829
12.280711679415083,7.230135263120472,5.328715185471663
4.3271273996214505,4.181921555388346,6.145257221046265
6.003981965496297,4.036910530466235,4.791901493843112
6.433865106927328,9.143439200360056,6.4210673028152545
7.887428253955947,7.816521959941944,4.437626658532609
5.135726236206581,1.5257767676701537,1.7402258278839065
3.9801121740244345,6.350303357538818,2.770161219938669
-1.2194185944033986,3.9250637124817196,-1.196816181935009
-0.10683794131137736,2.2604481875484517,4.593272947820261
2.2952684404046972,0.6250124979942416,-1.2667369293706336
-3.7239646893940908,1.6142433047862257,-1.6464911518993068
-1.6548527018824717,2.1616556569208534,1.7191249502872492
0.786175525206064,-3.886838994849462,0.671206596227489
-1.3409237040416428,-2.401888928845038,-3.3349807548398482
-4.948587075804808,-1.2535180777791077,-3.057928292440117
-2.910278518355148,-6.355009337869296,-1.7892936656631662
10.652912903078779,8.696862173933024,10.669912447589684
7.629410219344276,8.879070556225216,8.561993026587928
5.421936744993713,2.1611816446125593,6.367698248964684
5.510459092087012,5.5154054375484645,2.7132157501356753
2.565884316108911,5.192199507003124,5.043742294404209
0.26165571057921744,5.143054328368503,7.711683096878956
1.551153387578382,3.4225317582854786,4.687616000237081
6.773643675270481,5.501321298348123,5.544233849919557
6.252019699530874,-1.0845081576178996,1.4402196596256465
4.587997851484006,-0.06086535281867178,-2.449126109061387
3.2380913018519903,2.9304227988469727,1.2143064314218437
1.8969513932601232,2.2627359882071025,4.434066629504486
1.9524328497421168,0.16590326161107916,4.265604639963062
-1.4101847051305236,-2.663898121929854,-0.024490183663882052
-1.5856335838821107,0.2846680396946385,1.5045064216756165
-3.2615476912054864,-4.078222011730349,-0.8594134898854737
-0.5454660346405305,-0.5267326696688903,0.04725753194924457
0.8054148273546858,1.7636574724889684,0.13776900593820623
0.38890183197159356,-4.097472486235459,1.882439073692848
-0.5760158618494775,-4.129713050363009,-0.6683489024870106
9.460557000957362,7.733561655078789,11.335203811814601
10.445014649397862,11.463155143883387,9.388096569597524
13.595180691138347,8.059609840454216,11.89979005886202
9.450133913547353,10.385273313631618,10.610830065112012
8.981487301933363,8.636943246397891,6.781775573103079
4.299574788029771,8.640598785967686,7.770250751472455
7.722051012299602,9.430349084997246,7.96301976041549
6.764873870649776,8.573326042594186,5.39675519545177
9.90486009034138,3.6629312845268887,7.809264161044309
3.002233467472065,2.8294135220955052,3.341188274853854
6.129703516021502,8.420104152207653,6.596920186404085
7.175560230685246,4.665987211383384,9.2209471416427
3.5970863230489147,1.8841472716571182,3.82782573278988
4.475029875390587,7.7266704330254665,6.987842341143013
2.6832412659885034,1.7853264269232754,2.1900325659933335
1.5403810283047121,2.4994433997326073,2.887512962893969
-1.27982684266766,1.487309721831147,3.0518999185792794
-1.141608221767452,-3.471476082275971,-2.2898986002072017
-2.4683033524280225,-6.176020541623949,-2.806588003804144
-4.6844262006344985,-6.504305539190628,-3.8496836671041486
9.934728178425566,11.350639909745118,12.1011711140211
8.983565844300642,13.665203936418557,11.38320009841584
12.088357418240282,10.632959897572155,8.281335750727024
3.4616945819664666,2.7673639266362473,7.7629833389737355
6.345951224465623,9.048744569343757,5.626983023924252
3.375586633903973,3.3389802941567877,3.5816654372654098
6.522354561255494,2.200656376190612,4.635105337537808
5.279048501860454,5.02274868949772,6.5616097563844695
7.117011800551376,4.416142599158081,8.577903211560134
4.461101115654903,4.72705631226242,7.864406016281377
4.093287833337127,5.6850142946040565,1.9813988391650361
0.9360601900350494,1.8410479447626682,1.5576598387836107
-1.2447804317177584,0.7924698643661747,1.2264324029105969
5.97993489824519,0.9192829679851893,4.103160069051871
0.7327668629891289,4.066419600322908,5.857847271946227
2.6105982760950983,-1.5062555278758145,-0.9697287194807003
3.220558799873702,-5.007559895245898,1.1014563766446077
-1.9135337751483532,-1.4166811914785415,0.9716136040011358
-1.3789324616626415,-1.1556706016942677,-1.767840863242439
1.2784470216368147,-0.6300781804040064,-4.146825529120622
11.772682281985865,7.792243098730308,11.58397675384892
11.0975021927286,8.907529361412966,6.879160810961249
8.929905019127355,6.454388456168854,9.166850870408581
8.755646655169839,8.812451875096645,12.146927172075827
6.750974460325024,11.272608121076148,7.324348557927915
5.80041996999588,6.437960156117937,4.086254220965757
8.253135234792405,9.70138260010053,9.905126111524824
6.537918925660326,5.898823715132034,6.0279983653461
3.359699362040738,5.3632773585675455,4.427672396503699
3.532775957009953,4.112119519866069,6.500381624969544
0.8925922813573233,2.5708933705960235,0.6156564841607364
4.676449226152489,1.6254558234963548,4.470625112734354
5.421637563335924,1.7537306590347503,3.0079450807177253
3.552743207163913,1.0789089644594438,4.403387962655003
2.793374046270127,3.446871101096306,0.16474842547617752
2.1479572532443703,-0.8278948163700397,-0.037769708791856704
4.442729359685505,0.7679738353867775,-0.6043537135316748
2.55872087180325,0.8007798527985583,-0.618196369775393
-0.19616331973796358,2.381906801695251,-3.5735027169748164
-4.213609601709695,0.9349629982603571,-4.3459065456723796
9.291144768315096,8.107444140920961,8.183767644144728
9.938615723909434,12.28978986978501,8.670170747923308
9.084006392168126,8.515854063942554,7.076125006435307
4.7219573567585815,11.228944703946894,6.431002174156863
6.435582302272794,7.111753503458629,7.345270203956539
3.9981746423277507,6.537847669822444,4.15947801833318
3.189640033369886,5.44918622454611,1.253470924564243
6.356857668901565,8.643997024300592,5.147409000680364
2.1731739833047534,10.236576610298572,8.765753814589846
2.44028580601002,4.657351420167782,5.237958859976648
6.2936125327914745,2.649618051101366,4.788973589507279
8.627711908473682,2.3417220188404486,-0.06108445085261227
7.27328390787078,4.925229513231228,3.3084731782115364
7.3698258873792675,5.907257938504702,2.4912054854377543
5.144849165184549,0.9316620268300457,3.7465950737924376
3.4228288394324675,-4.979247027661462,0.43089782808911714
2.1350581121209564,1.6670732391805871,-0.9005381090881617
2.154187965446452,1.9982762515639017,0.6221535685742541
0.7425487596143641,-5.821471007813865,0.47825875582069244
-0.7103329311090925,0.7991728397691019,-1.8873614410191035
9.972778392881317,11.266020791746367,8.44321060241437
9.813665931345774,8.531068640065017,10.687263057532354
8.903303560632482,8.113907335671605,8.660028442174779
8.529284684742034,7.247457507627807,8.511330186800922
6.858287941129532,10.426323343739366,5.782893978658317
7.8184674323427155,2.2308792640887543,6.010047263045802
7.682523069985268,8.562361360362768,3.916498999225167
3.982607829206313,6.118819860389118,5.822526526602299
3.508126798042287,7.289730900704251,1.3188655358249282
0.8648382347163788,6.325641364173727,4.922032767816976
4.007336730048095,2.037803414434548,3.514217164207024
3.3870837629527486,4.496365239758918,4.829643555756811
0.47853207119142693,3.145647163254621,-0.18239067435341205
-2.8829923235493284,2.953440728421829,0.19992469482478029
0.22002073906941222,-1.0420904504266075,1.8332201659970249
-5.535162729158773,-4.894432151835334,-4.770932632828271
-7.100995466652009,-2.5324973114318867,-3.9683677222848512
-11.16025714333456,-6.286494983637358,-9.315571684179396
-7.811685478138425,-5.778728762964839,-8.029769629567634
-9.235541921005368,-9.288269065155573,-7.551953119148462
12.426148250080033,8.466608942277114,8.702921624904272
11.086930210998457,11.812993514704145,12.185015860412271
8.231120574534383,10.010732857076151,9.596446746294708
9.805033113918029,7.203771666913252,7.775381559272118
9.152473472940857,4.343092248082914,7.65982588270112
8.88441971613709,4.158311213984565,10.071823522266886
1.7168288519428279,4.242118949468203,5.053341996158631
5.209508945051678,7.224389630809545,3.5285246343337686
7.0605277833058375,7.611745572376138,6.191267948106602
6.13102792594153,3.5803608808228917,4.906321882026769
4.18632013415362,5.842428894275875,1.4981881156315118
5.27483946596666,5.845044428636055,4.607516446218504
-0.041323119732219915,4.01425553978112,5.19027890735007
4.389511934353292,-0.45699401795794126,-1.3521652204273664
-2.9760999526573126,-4.3170202931517965,-2.8533941868509483
-2.5743903188096806,-3.8129885313743124,-2.5087449312391463
1.0771797449601461,-2.845179598724251,0.08746799644245451
-1.0998694130197912,2.4789213925963267,-4.559740181043754
-4.1152671150610995,-1.8666047384633613,-2.0985167964926728
-0.4867964995533183,-6.503533635921502,-2.340256808432561
11.661752456895684,8.14771738118691,9.922942297268618
11.007250956186873,5.538815113189786,7.4887010031480985
12.46406875594316,7.679239946127298,10.682465688163065
11.634379203048281,7.770366232041082,7.459423588876405
7.446047071266703,9.112212400848637,5.921005213872039
3.3542368052603253,7.217833534605044,7.848434368527947
1.6298578363074956,6.981834901457944,2.856443044116107
3.3941576481677407,6.3674055660975135,3.511273374503184
4.692807465056882,2.105231253523027,2.043588817346178
8.323010848151112,2.2354367225590184,1.4328360611607813
4.851116689589979,5.8003876485834365,4.025381498314066
-2.0534392673024833,3.203894174248889,0.9520839478322327
2.3253737211039445,4.082321664083013,0.9291924204930793
3.255099819336367,5.062652177678423,3.6695692039529924
2.5371914469556334,1.2497243124165212,0.2574692901116242
-0.1447151336604287,1.2910002100984213,1.2702999850351184
0.923819573394221,-0.8201636357548276,1.9086431980799876
0.7432366304745579,-1.9593257509110191,-1.4819868531682434
-2.968425037422185,-1.4877475294721967,-0.6016458964201092
-8.282969585425354,-3.4643471626399496,-3.0011737254255384
12.945436040461747,11.827832791351888,10.602587914187694
7.175660769407147,6.2094568608643,10.403622457255658
6.74563110757744,9.291784732759835,12.661994228477887
5.74847784823022,7.776987432723178,5.179850094230885
6.517352103835232,5.036937975822829,5.437156424485215
4.819677648219716,6.061090879872812,6.437932707632897
2.8428791690054127,6.294444881614928,9.478414383160889
9.478717519830687,9.186906016181043,2.7117229020843823
3.4787366888441236,4.585459388187802,6.016572147902229
4.937860075894783,6.945567917068273,3.0061004243428124
3.377899324348558,6.5134096832226485,1.6458580040160684
4.803865444662001,4.859160224951762,2.4996708035821813
2.504159878900027,5.502416499760542,2.5602694608936556
2.197692399392978,2.9638168817920256,3.388104715912429
-0.39607370236283673,0.699774141253916,-1.235240145072051
-2.657018139904675,2.231404406767141,0.23588222178549195
1.758076436391006,2.903378372784623,-0.16069824760663892
-1.8351129200002885,-0.7601688480355102,1.6951341068772827
1.5700288264975915,-2.631123012136191,3.520200793359698
-3.085898099448782,-0.8784517553758793,-4.631118846393587
10.924232220450339,12.162748149556716,11.647589764160776
12.517923492148087,13.155908103861549,7.475690080698865
5.230412006753362,8.913208497178664,8.272703481751467
8.96673575205467,5.7258737011239536,7.371412807800281
6.426996728986303,4.93378403905276,6.017572124141168
6.09387929143001,7.400543850959754,7.449216994939038
5.429499143186672,8.73968570314465,6.57834087430228
5.782540647307261,7.127651686576593,7.422217003805431
6.122706987775081,5.802307867820038,4.650319704899832
2.901879917468843,3.7944631988026254,2.088445432360878
4.976827597131742,4.469964228764118,4.059984247398215
6.085442863421987,4.278405124474347,4.749500863692656
2.211711840700599,2.2234902224360136,-0.051391720192838
0.5136244075455442,1.521255076830169,0.4803274016076222
-4.15180166776112,-0.11315915796044518,-2.648781944706057
-3.9346523523020602,-4.617076002449792,-0.26407787690597706
-2.6340087430753796,-1.7092790243016656,-2.6518675725596053
-2.6726864630177447,-3.1450199817598983,-2.6296189895385247
-7.036699183047324,-3.7057602141850046,-4.2614027954456155
-2.718003498291248,-3.30975395393768,-3.79012977893481
8.8314206447092,11.799952607366617,6.461876381798948
9.297408924464273,8.20047235428666,13.816403367057232
10.235705833240884,11.152212775559489,7.0704604129278295
9.265342511772724,11.60123857298829,11.780070727453644
7.312949432999766,9.249701985180486,9.286789501057786
7.198853028071325,12.58280579899641,6.197543247278901
9.514317366799437,9.880645764916386,7.493605383033338
8.700119866368931,10.524063738153622,12.233091505181928
7.295817373176955,8.830714541802243,9.68562639894138
7.29835137737339,5.888247624802897,7.783096035384405
2.55501387138041,3.8252947735345035,3.2268196010528247
4.314021212479403,1.7314735513143282,-0.5453264690635908
3.6936758079002043,4.514683651476103,4.267156546857198
1.3634262166095836,0.9773061872296307,-0.5488787669135418
3.816750601086679,2.695047489775739,-0.07905577918981432
-0.32424518127397084,1.1721689732411047,0.2427374682568879
1.3060812349131137,2.480634174055709,3.2232702803719473
-0.6773599493742115,-0.597187002722483,0.03150172673188927
-0.016164617038836353,-0.6406225130341263,0.6230934232128547
-1.2771436497828688,0.6804728294429421,0.802504422036885
12.122565448020952,8.848606296883926,8.34325809487501
12.072498786343848,6.903334332585577,11.902571740809629
10.101740737951674,10.256188299226103,10.648233898239278
9.534636214136105,8.323311352010801,6.876321490399751
9.737340364981748,7.715607411868605,11.490918531288868
7.99826888474282,10.50021451201332,7.863814483858269
8.223824636501778,0.21414149954405115,3.9274564070268725
2.7728198255797243,7.280915852525011,9.598933852809783
6.629358585696063,4.2120754258384645,7.544159586518029
6.050416361673198,7.676094377896,4.352093781485571
4.85161826233477,6.445592043423453,5.467914619599671
1.6374409890033088,2.5403454336752604,4.227839646843407
4.714628144382107,0.8895608062479603,3.9641368302745703
2.4889912062026673,5.448817705685683,6.525696055002607
5.691996984495069,2.3836824048866823,4.0321797098712775
-0.6854235947760319,1.7065136956615687,0.8549738890872761
1.7383535774825516,0.9035216108586244,-2.3841694808662064
-2.671318584990774,0.04156735492164909,-2.247273485556048
-2.869152611519574,-4.270040505951108,-3.646415671462245
0.7952032722411246,-3.0206199962669107,-3.4349354230903306
8.407606268590307,9.615562671684016,9.621870915419874
10.002870090058595,12.423720631755199,7.601398575516743
9.5181793183907,9.647729410532182,10.84344169460689
10.96553601329157,10.577011184749667,10.041722301004937
7.721309486997719,3.7112218470825087,4.945472065478203
7.857449649568272,4.165772401324061,9.500155625311187
3.959243453714506,4.679295262344848,5.72024554188962
3.9447953667687154,2.8786326283999895,3.8303434914717918
3.251665469713389,2.98714874640365,7.369738244590589
5.001442945267272,4.704764010232134,3.5510865201860917
4.457514913717474,0.6196248452665014,3.4691708806884165
0.25192377146585965,-1.5777009771696144,-4.270956154312022
-2.8168558954358085,-0.8330862008420901,-1.1315042510895175
-0.2154078978097218,-1.0651287209397202,-2.3079315972392713
-2.357783956034731,0.8336919239676055,-0.05249202208011838
-1.0255767508183222,-4.239641269853007,-6.638652421926119
0.042655858904000254,0.511642589226565,-2.1215805846111446
-8.88694807424353,-4.994984426774941,-5.500709959987853
-1.5843495377945076,-4.28800755175187,-2.465984291212248
-2.9001366033872102,-0.9287347417817489,-3.5277855053313973
9.528760759324934,13.212143181088335,10.474545904379035
11.158632346690979,11.730717858279668,10.629770686309454
11.757876754916833,11.45143694732019,7.532397887582319
8.702473636996926,9.296886931933255,4.721259874511609
3.677255626963783,7.442443742215295,4.2594280537405265
3.2740681331589028,2.637095324914565,5.709300777412799
4.866302122141195,4.399283877918599,3.656356693162028
0.4907861708199892,-1.0917649968872873,3.7632346997143347
5.281540561797506,-2.0804482911556983,0.828581533132897
1.6677786398771546,1.6348532402174136,2.4862968516451787
2.7240761898293187,1.5384711280439354,3.4522870520640687
-1.452489005096417,-0.43145750303839225,-3.5212914995642874
-3.41595561221411,-2.5439832027607596,-0.01800781251056849
-7.703940048285167,-7.420428375059141,-7.479825970765701
-8.51713123846255,-4.6102443892231415,-6.497355811323944
-4.273863394917498,-7.0948104309973905,-5.8326392262002
-12.255351538757445,-8.766945258054347,-6.643233520937123
-11.413537405568551,-10.154608409551098,-13.998536736935675
-12.498739533257648,-9.940835638252631,-13.86345533973325
-8.10091672267957,-8.42385840036258,-9.734368626232252
8.349486688180729,10.624434166728527,13.531643951885712
9.442095182600374,8.26482537001152,10.124384928510528
10.269869106870871,6.631514125393607,10.554027718178586
10.088928064330679,5.054740000677456,4.040904852202278
7.45262652606648,8.215387229941294,9.12977295699213
6.472272096300392,6.126017978065367,6.754290840888127
7.704354273204129,3.180601095612264,5.2918646861023015
3.4095171479662474,8.011207710690572,3.507708392916657
5.878581184706417,5.430955682881167,6.247963559062154
6.947497200429865,4.005296638975462,6.847549656769301
4.510070863730684,1.708625016136236,4.558789898841962
-1.2007385654557137,2.919802656799049,1.156943204363418
5.620999332955156,-1.1027186371632216,1.2746282325055622
3.9755632600579647,0.13790384593271687,3.0322346495694967
3.030047674713842,1.7428433739031095,3.785628009449248
0.5617313056974471,3.276902571885226,2.743796772106988
1.21060818680449,-1.9741796806827203,-1.4800382212590737
-2.5270486395327514,-3.8218048509019016,2.7964323845813324
-0.1873606147077503,-4.983586351403828,2.090377278743364
-5.242496911574145,-1.1747504904663475,0.9416770705395221
7.887861328783884,6.9051833243126675,8.883072676285211
11.66515043965451,8.499785350316593,7.24675005042595
9.358284632229575,9.697885260564789,8.893300693181814
10.734163482890871,7.11212587625139,10.217336893052577
10.612413754019881,5.192416619022125,8.471773130965891
5.837470263837102,3.9247528010709463,4.675267325226981
6.696824316824952,5.746148260388111,4.1335031455894065
6.1232051408186035,5.030745871198576,8.738922977124762
3.485803606293561,4.002936380009165,2.717417922548047
5.247717706621977,-0.569268286821063,5.3112621639597775
5.6196777826819,1.3734963529231914,3.5920412439868024
4.02136763926999,3.56350183657617,1.4390159877547095
4.359545060712567,3.006216289917712,2.5138819151948497
1.0911096155429485,6.691839365269453,1.947970199683291
2.3494600703675497,-0.36531709591217965,1.6733298930154412
0.34590071275563994,-1.805290073203187,0.2462032522590224
-1.6399043525202766,-2.405944087912238,-3.738157196246126
-4.406708570821229,-0.40711208560325884,-2.219614271302417
-5.182127807851223,-2.8338548527771072,-4.167589876697978
-7.217438575286261,-6.229151746122907,-4.640273244495237
9.311222962069648,9.665662206395949,13.586565864271735
8.322101071745923,8.599854045056903,7.362092724412028
4.211502212000646,8.892031817968745,8.471841836201818
5.490675878506737,6.773049381142203,3.7157825762253838
8.60556424047859,7.993268999410436,7.397630417535233
4.426540020498338,6.430342189945289,7.1707726036850055
3.576859072345901,8.24799241697581,6.6743140261589495
4.344315706226638,6.22649882719816,5.933194618985624
4.006292574139458,3.1612332832639987,5.785035959761862
5.169991159568203,7.85107951975697,3.027141454241875
1.0256947310077469,1.6764739186230546,2.679841662165571
3.0833354638062627,0.9971619407588868,3.1248791309141346
1.1325045245312746,3.8647653097953505,0.9624756096454254
-2.4802016933594815,-0.813822000876221,1.4129529098953315
2.308331345859358,2.290364387145696,2.0274443218087734
-3.9197195732629333,-2.644960769066429,-1.8198103856429704
-4.743387996535262,0.5710909118598089,0.4663865755418044
0.8718583506500406,-1.734632253168049,-1.0318714415146548
-0.3422117093471675,-5.5920506009098245,-5.350267663482347
-4.607410556629866,-2.319724636997666,-5.9129359000203205
15.663519032913594,10.959572933657437,11.53778774558249
9.50064352689381,7.1222803251265345,10.661964954489434
10.700614800201066,9.593970330794305,7.172829593094336
5.612547580892835,5.6376280701919015,4.889834972800292
9.470560537865493,8.814701369747869,7.594221747194797
4.3714506900821375,7.928113461273544,7.9268711243557854
7.297780521589606,10.067687380408445,10.405901323883693
8.648433546517012,5.002616092796579,7.07014462558853
6.155335620941172,3.8769872185837135,7.6957395532470025
3.638956868680526,7.032981368396573,3.937355259996128
5.2151409288487525,2.6076519146539723,3.689050211748427
4.511915017877841,1.4337411233874904,4.334993190983875
0.7499562342006088,3.5502147436602316,5.3850214233553375
1.3833167764772902,1.9669153519027058,6.444248497000014
4.078104810908966,3.4080874326202055,-0.4487000199729674
1.178478170302191,3.2628051854081717,2.681535272385876
3.7694053241438183,0.9211531479709938,-0.3452105023363385
4.388437939518172,1.0946259984697815,-0.2692935531069306
1.9578107773850228,-0.4419188638854585,-2.715138922417315
1.9383101024613218,1.8871831262434993,3.44027682973133
12.02536874458529,3.551628826137419,11.002816568330276
9.314359063304694,7.453433987854633,8.37070279254955
7.44707810291311,9.993362704217997,7.525033765962107
5.597022715923366,4.423222264569315,7.6155429802441095
4.608033275497668,5.136179504208599,7.076413748579103
6.749838030505687,5.380381630645772,5.695380957092223
7.9651797728000115,6.660856902124351,4.288415623541285
7.133280524107029,6.155246670887145,4.759985118599234
6.2671066815136784,4.386136238654232,8.265420970941074
0.7752927074379354,-0.26430977041526216,2.8950031158107663
2.9419725217668327,-0.27416861130435555,-0.7255214737750335
6.487414014316034,1.8722510791200992,0.48610963874391144
1.737444325385719,1.0577566863036831,1.3251612213152961
2.7113359878294068,1.4322231814910624,0.5074838722029448
0.12958548980523846,1.303538346700371,0.23111099419689082
3.207975525295395,-1.270925343595361,-0.3716304328286214
0.3630019792323321,-0.5401425861216195,-1.4238371231811175
-3.808513087349341,0.9219852840866642,-2.079662240077905
-2.5041059589336916,-1.8335028923486343,-1.337163906810386
-3.355775249048455,-3.6199945519639227,-4.151221531090755
9.614250470677856,8.887605325944874,9.382766457572671
10.394673659103951,6.448348142819121,9.640668118268898
10.756457307343116,8.551516673749898,7.367009815196934
6.337168576906851,7.459084662747295,10.053698746466967
8.058711307983865,6.6064408862329085,11.179882393291845
5.210450533938602,12.256916365021224,9.841625509518847
9.040632121119964,10.071002127361481,8.82725221124847
6.794641257709409,10.950143972715605,7.722600822831273
6.61985333006527,5.4327740061191045,3.088260725509376
5.176309955885236,8.160123328538134,4.954405188252493
7.5479385877219825,10.953871504485196,6.7278692694439375
2.160370007516314,7.129334318811505,-0.41598926677586334
6.378686929344537,4.709379128241472,4.253785309190563
3.322519994408413,7.349297868221135,3.1101428749978766
8.005224067824093,2.5108510173899132,4.435668963656255
3.9715436839478873,1.3787457567115118,0.9068802341328577
-0.8663970436029818,1.1387583247964017,2.8535200435066312
-0.3466401765669316,0.6436168433580234,4.678873365486478
0.4742662906354691,2.1510922355895206,2.1998497894597024
-2.3857113043109917,-1.3430778974668236,0.17788489971945548
12.204501137817585,9.10630167330357,8.164388855048939
8.601291957196013,10.581380664929027,10.332693043893038
7.899185712227936,6.874282833588292,7.143164426970231
6.7327628056244135,9.576035358934876,8.521910115282989
8.21069321469653,9.242820314352269,11.05060568918676
8.171233543712587,6.5772611493864925,5.184241307103584
6.33640085660566,3.788776013164799,3.334662000330392
8.400093789890981,4.15699385926702,4.238906136522145
7.693991130023244,4.691628754048916,3.4313989105743516
7.606357697114348,5.693271970533688,4.205841470399992
5.805705538080998,5.6810498719200515,6.2528001089590495
1.4932678050533519,3.3053374304412237,4.336990441374161
2.6189853790122672,2.497261031419309,-2.6506231670259357
-0.42678576621431086,2.857616040858829,0.13011313176614614
4.07019117895166,0.03535754507318978,1.636587959603966
-2.5211071113699735,-0.6493429733628096,-3.796284360809352
2.5574236433901643,-3.282680233603036,-2.315971617827209
-0.7622338816369031,-3.5901040746737976,-1.7288289215415862
-1.756011557998572,-2.649730035787915,-3.607337892902129
-6.371132130649286,-1.7238870112463989,-4.959797975573872
9.565944820698542,11.634940778406422,12.792410086693511
8.582274662201598,8.574419607383863,7.914294956275018
8.221691157282535,6.814213578040141,8.326451161929958
7.151778366358015,7.069728536690317,5.185327127344632
6.67131083437296,6.860809838966317,6.937807674472909
6.738158679534938,2.7721856931647677,2.700853059470253
8.854825297387274,4.481255933187246,6.741208851293385
6.259701351400858,7.973136147716932,4.533903372182367
8.923289884644426,7.301117833451444,6.631162844244415
7.2525139861550025,8.328570852072522,4.723969589186974
3.5940114981061853,5.262948484483033,2.4295587998319315
0.33142963159268657,0.7296021692963195,7.530778168827817
5.531931114977595,5.2481868426291,1.2753330418271478
-1.3602067110943876,4.66790626345056,3.261521189273874
2.820900080611941,-0.01849424790494103,-2.4379173645156778
-0.29360104086143535,1.8826742585946945,0.15283170235554722
-0.7189917049598376,5.207175720682122,4.69573432560706
2.713321357276169,2.456803039067561,5.465925038050557
-5.071892786641369,-0.8667043269743573,-0.6862578296328294
2.661594807482193,0.12564503211443626,-0.21655408584724956
9.489582159915225,13.956189257583787,3.596470554037851
12.419888394078281,9.94514274314839,13.88706341474964
9.566840847887939,10.360578240150115,7.162575195358028
9.92314915184934,8.421970764757166,8.133982395677451
9.447908469601183,10.250984785223286,9.061876588361182
8.845904875455354,7.005622385358272,7.171959217606209
3.7613057791111846,4.974863742517114,3.848267269951592
4.619288057716601,6.5628941459488725,7.416395763129074
5.456861194027592,5.628658667252752,7.811346853221265
7.920951033431286,6.528077616128392,9.627465228665383
2.960503782465004,5.474063367633201,7.6775436870587
1.4975557735606837,3.7587011176663294,5.005617289647116
4.69768049429236,1.5998645031735483,4.359327544027019
5.144056012836559,4.082105795109449,4.688041847043595
6.531543853339208,1.4009816279753524,3.020542040598457
1.8775571210788051,1.1173742179606845,1.5019964445204046
2.721407971148952,1.890731671982205,3.2541934989689447
-0.49101969723239014,2.7686446482614984,2.403704986022949
2.6270325641833647,0.7807500530513427,1.6533686602344106
-1.2600984455122446,-1.3890838391301406,-0.3114256244613352
11.202909769376715,10.210289221299702,11.439716845457143
9.418263455568189,10.19659088984644,10.155405258387797
10.432632521247106,9.173804547366517,12.416131462441905
9.975031974381684,10.189797575916145,6.70300587400272
9.478163256717558,6.469019776017753,9.399649429722729
10.840831645454365,5.8216336043068395,6.0845644203403335
4.427365305591973,8.098514988736028,3.0477318191999334
6.24809183633376,4.139962143612236,7.74719308887297
6.356635093299735,8.46905973168117,6.931478106986484
8.614407105014076,3.9358902463219905,5.891043369837759
4.682124418090869,4.429357386782353,7.216644775709469
4.828650120464547,4.549187472643656,9.076159873531793
1.8821341463655257,5.728410245501194,9.796758017783066
5.237288656337261,5.596273393538287,7.531647770277917
-0.9686208325080434,4.787200533895482,2.28552314279413
1.7386438957787325,3.3259429154460807,4.349746052375394
1.448532504388853,-0.3901410288444511,3.299258280655458
-1.5727173590461647,-2.4101232204763683,0.12012778332684264
2.1257759117061754,-3.4027573076238196,-0.5732084626408277
1.049182588591034,1.564022925343085,-0.6529351991919563
14.206906454377899,9.871647260345974,9.438790007981714
6.518550931563246,11.240901681027072,10.413455326727583
11.001555118566586,7.937847350111542,11.23493212781516
9.559121565605414,8.94185640767369,9.193771744996072
4.365689137022011,7.781098681767041,5.23201914724272
12.710198313081579,7.1370638349177415,9.537575641042142
12.440312246127537,7.769713110975892,4.37252215196307
8.01913202760869,8.318090819321544,8.174312732126793
4.987442154404237,4.238491343001677,5.16851047299475
3.279838069457023,3.394197620295955,2.3441524972736865
5.21395650209262,5.10970961044293,2.842288707540731
1.090676207681506,2.822295412543439,2.0554705075875264
-2.5897867975089,1.3136255649843542,0.3095676768496881
-1.6195610699895915,-0.1881160392729207,-2.1539253569729686
-1.174443389790838,-0.5237628995277277,-5.7715325256391985
-0.10724326359790837,-3.001275068370986,-3.2477118932163744
0.8206032848447045,-1.1428632311045528,2.233372692687377
-5.000839502415688,-2.1390715241971536,-1.7554613345421637
-5.575754028352751,-6.5460852817728075,-4.645151025798883
-4.206471311651826,-4.950170933577826,-6.313578753290904
12.334750503557997,10.997107074143784,11.74328462455366
13.561608767910982,11.523404322004861,8.747298829683402
10.785445851715782,12.063688697385693,8.631984117491314
10.270404472072723,7.991308459192686,7.680540873049085
9.934299821340375,11.290753647599315,10.429180212859336
8.856106251286876,8.540740251235535,6.724596365744787
7.388852642314655,11.254610485396148,5.501405794034154
5.809339896292842,8.6378796312201,8.010816687791708
3.269493094693575,2.6516718196894624,3.165185815186053
6.628384204205993,5.076499061648824,5.651384378499462
5.199926430777041,3.6194906392010595,10.576044125070139
3.0214812729581366,2.3989409771033476,2.9178183760164176
5.181471019480403,4.589164570246128,1.9569887972696143
5.092104150629442,4.276354798297219,2.54727583903964
6.2848964179335844,2.773158914777068,4.840903930295793
0.9319915774759016,-0.2166030359755129,-0.6934904932209309
4.772365127917272,2.2605961061117474,3.8211580210902545
1.1399934154294895,-0.9302745248278718,-3.924634053719372
-0.8185250809969968,-1.9104855109837202,-1.2847517489076186
-1.7520125010122187,0.7468345459955164,2.4163208698469116
11.286129129175185,12.707264538087369,9.362526198500841
7.631147996652754,10.107907063088655,9.510519260476784
12.327329452480182,9.427782861443438,14.160617828778445
7.335916198566784,10.079829553371356,10.823777680025565
6.43565513350989,7.388239577365429,11.447761381719957
5.601123195861845,9.103718905481797,7.912067616376482
7.077525440054978,6.47229626267951,9.549498486516706
11.13620324734352,6.508965723481049,3.521935751239575
7.116614368426355,8.996852503899767,6.6181108961624195
3.8767402705519864,8.733580103115981,6.861800786655885
4.874986834350565,5.839983845245819,6.580932749425954
5.06708160446203,3.663531093200283,6.5463342204268455
2.8183590133081386,6.893022317839538,3.109255035788171
4.985222236089206,3.8951308896011403,-1.9748550422583446
-0.3672075988816716,4.1212967864265675,1.0285385354575827
-0.9183712758876317,-3.4522142642441658,-2.940609614927861
-1.4927186679431008,-2.593068961641279,-2.301011101111523
-4.180743645602343,-1.962365846039562,-2.4770835512291622
-1.1726105686680521,-2.90625419550183,0.03896688018064731
-0.9404743192011726,-1.016564004741702,-5.691715134901637
10.165318097412177,11.053282039578729,10.25468639191492
6.290148525772428,11.534714061836054,8.543265018415767
9.543396524232787,6.651426824807641,6.223207437265167
8.433569566293134,8.801573132133102,9.100055214023568
7.977483908309012,9.871147687099176,6.311576911108347
7.987228672718163,5.971562533683111,6.8881256879813595
6.710250474637807,9.884413381240796,6.732188973359789
7.620686584014958,9.020996335788801,10.594493821899473
6.088801326209353,8.283013197916627,6.084948841726902
9.489292763515191,6.129392758985214,9.954880003859966
2.682666694642293,1.1528452753497356,4.544377466825654
0.9786048540920336,1.2366288783102237,0.5043606469812967
3.326352725001536,-1.1380387818123245,1.0732525896768725
3.0256872993041197,5.622529714428771,1.6926903986124548
3.43870042637012,5.1296130477244315,2.855129484461581
-2.136782324821646,1.8329562569653837,0.9159917084340141
-2.6921215757582964,0.47066052644839496,1.346446895972371
-0.34045215054517897,2.019176264243934,-3.3300260944435447
1.4017354475415282,-5.433152475811724,-1.5914477136522063
-4.514931124142333,-2.333525693612825,-4.976204847203912
9.913692439306804,9.780082257504343,9.804439613569894
10.315256156631472,13.490449577506165,9.16790772189296
7.033155485862754,12.564139379977277,7.925989831058041
9.81721761421825,7.3489880250449975,9.181035758001485
7.178674007890137,7.5818284113375745,9.880933293215495
4.486976209040182,5.800981138274436,11.014467850235194
7.674902938534312,4.3046276883552315,7.334733244195269
7.009039907647089,5.849112162721777,8.200364133673295
7.341701023758927,9.242549675171865,6.765191165333871
7.134536108877361,8.62707571283817,8.106295534940777
5.160164495868624,3.0504704475291353,3.7972583580467303
9.197402906832323,4.995093422278484,3.743821313901685
1.859652741505676,4.480262015079473,2.4173348866575024
5.21396842380938,3.7789689672502447,2.6379680768701403
2.208617326046172,3.944662759194342,-2.959427569178687
2.9473857980136184,1.604607451310517,1.8045865612740821
0.5561225592011829,2.78719270600573,5.771961967694272
-2.115428261591238,-2.7027232867521107,0.23483255588512006
-4.691014826402229,2.902100725774468,-0.13228275534555956
0.04090173784744078,-2.4378584318944525,0.9424155008123072
10.208736941944219,11.978103991492766,10.00679732072032
11.23134617286308,10.887887145033618,10.476795777296012
11.466370796299671,13.957579759331551,12.04322390745155
9.613209340014116,8.333802580052199,9.982455242265262
8.5981762556815,6.488402961191567,9.783170783609947
7.511133425039538,6.924747189479886,5.49890320843285
5.327158169930898,8.531627779092677,11.251715929642756
8.502565173175356,5.466469671207523,5.594550136344944
3.5498792385448033,6.114682459200266,4.983428318948256
1.673812767965984,7.998376900351534,4.831868872755495
3.3599478193152224,5.362275679132816,6.457932460968594
5.394877433923722,-0.9587122613732921,2.9149323347058873
4.356825961389467,1.3251919353668584,2.984650964114297
3.9895180179542167,1.5427306031624113,3.2815913884930756
-0.7517929110875116,-0.805355438175507,-0.6248173285954165
-1.2307135229650161,-2.9379958193064644,2.3811277202635477
-1.2503205206416046,-1.5233329536622748,-0.42766307992255226
-3.2382652377453516,-1.1989703480625304,-0.7863504153489576
0.08320485284946111,-2.459122769966093,-3.649379293095798
-1.293650861348921,-5.222493716723857,-2.2116608781157865
10.921335244798371,8.920117464415469,5.775665778363544
10.974254213139876,9.261932681631881,11.704039530523893
9.942697346104376,4.7785476099396975,7.902292252988529
9.393340434708117,12.138757482477928,10.768127136515323
9.90726499250624,11.799177344531442,10.857086286913315
6.507558946738598,5.877327576359179,7.7754201932415
7.994145758801968,3.7993856895058298,6.863164998552498
8.629441675802031,5.833972087430773,5.13553424560726
6.966529811630386,7.455974386910425,4.9175492542789705
7.870223125847809,9.692430361051517,6.781313000289595
5.038489685537792,2.0111614138277627,2.894720252916324
-1.7147489448080835,7.886684526521542,5.572739012491767
5.295984904975151,1.7787874804057409,5.031983861286878
2.793220370272484,4.9766523166349055,1.7604503231189241
6.346528397340533,4.167906722527864,0.21965117082137153
5.768758124881977,4.462067922655868,1.9312234287777517
0.5856771169934165,-0.8034270861320065,3.2961005498927207
3.5703047575673414,4.55470568901013,5.994736209791171
0.23147556897657373,2.5236965776642992,3.4055152823858883
4.507199991393584,0.6637595982544879,4.583521118412295
11.503763412182495,12.043696480030782,8.648552304149929
11.513740150265956,9.462675677900872,9.04378074113312
13.151031861883894,7.918157092211172,5.361565500634887
10.369037643968964,5.736549196979263,8.682183300156858
2.9456032598833266,10.021888937863805,9.461720032662239
8.787710980889496,4.44544719712251,9.714457913183415
7.1395725305089535,5.661217390126833,8.191763874096177
4.495273138329421,2.895586561933486,3.7388149323205186
2.9094609678387875,0.9373115628070385,2.1337495211263477
2.6303157742702177,1.0768499540536334,2.6877478414912983
2.8350907927519016,4.434901553796417,4.171809884536853
0.40930143639327277,3.429566908147034,5.371105630899949
0.5338850758463229,4.125764380203359,3.8216952313610544
-0.5033182657478411,-2.9307371082498683,-1.825992842387607
-0.6215372548831701,-3.9652170788396637,-0.6319485110659764
-3.3442810462860724,-5.817249664844621,-3.655020657250483
-5.9918778983418175,-6.790018627450577,-6.425665770155986
-8.707647285663874,-5.609090583777786,-3.923738381018955
-10.258598020364541,-6.930485371992891,-5.7804959363172905
-10.180836211332572,-7.425828845059645,-7.779882310854633
12.657110703874364,9.007791451381326,8.29177042118114
10.270611637613152,15.133840876786515,11.454708742605845
13.976869717957877,9.896091519229328,9.207789099534661
10.070723193630071,6.818639080119576,3.1028389404491694
5.338597275934527,10.437946016100057,4.576461070159089
7.245168373177755,7.337636907253294,7.911834466077925
8.464306673032093,9.717544875804515,8.653706084241099
4.4898745201173895,8.021001086534776,10.033324451626338
5.503129099722839,5.396942847697614,3.569523469835251
5.348337229148305,8.891226583644565,7.168319584473263
0.7126495347987798,2.0084379422874923,3.033102254772123
6.29577009108078,5.9900543752268955,1.7544092236551134
3.5738476747443277,6.985216936070721,4.67523762143648
5.518821242493965,0.967295631795456,2.654200093574855
2.5764252843735376,5.448593541355383,7.380845851782179
3.6617764094537746,5.309084526325872,-0.525655090067521
1.3625862232834152,0.07899487813650397,2.1546996239640555
-2.1248483736033306,-1.0222119814208461,-3.4037434051381625
-1.9032978467312287,1.5903318633430292,0.9898957295795705
0.873837313727209,2.945420198890401,0.1313986133439447
